<?xml version="1.0" encoding="UTF-8"?>
<GenRun Id="blk_mem_gen_RAM_FPGA_synth_1" LaunchPart="xc7s15ftgb196-1" LaunchTime="1596026071">
  <File Type="PA-TCL" Name="blk_mem_gen_RAM_FPGA.tcl"/>
  <File Type="RDS-PROPCONSTRS" Name="blk_mem_gen_RAM_FPGA_drc_synth.rpt"/>
  <File Type="REPORTS-TCL" Name="blk_mem_gen_RAM_FPGA_reports.tcl"/>
  <File Type="RDS-RDS" Name="blk_mem_gen_RAM_FPGA.vds"/>
  <File Type="RDS-UTIL" Name="blk_mem_gen_RAM_FPGA_utilization_synth.rpt"/>
  <File Type="RDS-UTIL-PB" Name="blk_mem_gen_RAM_FPGA_utilization_synth.pb"/>
  <File Type="RDS-DCP" Name="blk_mem_gen_RAM_FPGA.dcp"/>
  <File Type="VDS-TIMINGSUMMARY" Name="blk_mem_gen_RAM_FPGA_timing_summary_synth.rpt"/>
  <File Type="VDS-TIMING-PB" Name="blk_mem_gen_RAM_FPGA_timing_summary_synth.pb"/>
  <FileSet Name="sources" Type="BlockSrcs" RelSrcDir="$PSRCDIR/blk_mem_gen_RAM_FPGA">
    <File Path="$PSRCDIR/sources_1/ip/blk_mem_gen_RAM_FPGA/blk_mem_gen_RAM_FPGA.xci">
      <FileInfo>
        <Attr Name="UsedIn" Val="synthesis"/>
        <Attr Name="UsedIn" Val="implementation"/>
        <Attr Name="UsedIn" Val="simulation"/>
      </FileInfo>
    </File>
    <Config>
      <Option Name="TopModule" Val="blk_mem_gen_RAM_FPGA"/>
      <Option Name="UseBlackboxStub" Val="1"/>
    </Config>
  </FileSet>
  <FileSet Name="constrs_in" Type="BlockSrcs" RelSrcDir="$PSRCDIR/blk_mem_gen_RAM_FPGA">
    <File Path="$PSRCDIR/sources_1/ip/blk_mem_gen_RAM_FPGA/blk_mem_gen_RAM_FPGA.xci">
      <FileInfo>
        <Attr Name="UsedIn" Val="synthesis"/>
        <Attr Name="UsedIn" Val="implementation"/>
        <Attr Name="UsedIn" Val="simulation"/>
      </FileInfo>
    </File>
    <Config>
      <Option Name="TopModule" Val="blk_mem_gen_RAM_FPGA"/>
      <Option Name="UseBlackboxStub" Val="1"/>
    </Config>
  </FileSet>
  <FileSet Name="utils" Type="Utils" RelSrcDir="$PSRCDIR/utils_1">
    <Filter Type="Utils"/>
    <Config>
      <Option Name="TopAutoSet" Val="TRUE"/>
    </Config>
  </FileSet>
  <Strategy Version="1" Minor="2">
    <StratHandle Name="Vivado Synthesis Defaults" Flow="Vivado Synthesis 2018">
      <Desc>Vivado Synthesis Defaults</Desc>
    </StratHandle>
    <Step Id="synth_design"/>
  </Strategy>
</GenRun>
