<?xml version="1.0" encoding="UTF-8"?>
<GenRun Id="impl_1" LaunchPart="xc7s15ftgb196-1" LaunchTime="1596093398">
  <File Type="BITSTR-BMM" Name="QSPI_slave_tp_bd.bmm"/>
  <File Type="OPT-METHODOLOGY-DRC" Name="QSPI_slave_tp_methodology_drc_opted.rpt"/>
  <File Type="INIT-TIMING" Name="QSPI_slave_tp_timing_summary_init.rpt"/>
  <File Type="ROUTE-PWR" Name="QSPI_slave_tp_power_routed.rpt"/>
  <File Type="PA-TCL" Name="QSPI_slave_tp.tcl"/>
  <File Type="OPT-TIMING" Name="QSPI_slave_tp_timing_summary_opted.rpt"/>
  <File Type="OPT-DCP" Name="QSPI_slave_tp_opt.dcp"/>
  <File Type="ROUTE-PWR-SUM" Name="QSPI_slave_tp_power_summary_routed.pb"/>
  <File Type="REPORTS-TCL" Name="QSPI_slave_tp_reports.tcl"/>
  <File Type="OPT-DRC" Name="QSPI_slave_tp_drc_opted.rpt"/>
  <File Type="OPT-HWDEF" Name="QSPI_slave_tp.hwdef"/>
  <File Type="PWROPT-DCP" Name="QSPI_slave_tp_pwropt.dcp"/>
  <File Type="PWROPT-DRC" Name="QSPI_slave_tp_drc_pwropted.rpt"/>
  <File Type="PWROPT-TIMING" Name="QSPI_slave_tp_timing_summary_pwropted.rpt"/>
  <File Type="PLACE-DCP" Name="QSPI_slave_tp_placed.dcp"/>
  <File Type="PLACE-IO" Name="QSPI_slave_tp_io_placed.rpt"/>
  <File Type="PLACE-CLK" Name="QSPI_slave_tp_clock_utilization_placed.rpt"/>
  <File Type="PLACE-UTIL" Name="QSPI_slave_tp_utilization_placed.rpt"/>
  <File Type="PLACE-UTIL-PB" Name="QSPI_slave_tp_utilization_placed.pb"/>
  <File Type="PLACE-CTRL" Name="QSPI_slave_tp_control_sets_placed.rpt"/>
  <File Type="PLACE-SIMILARITY" Name="QSPI_slave_tp_incremental_reuse_placed.rpt"/>
  <File Type="PLACE-PRE-SIMILARITY" Name="QSPI_slave_tp_incremental_reuse_pre_placed.rpt"/>
  <File Type="BG-BGN" Name="QSPI_slave_tp.bgn"/>
  <File Type="PLACE-TIMING" Name="QSPI_slave_tp_timing_summary_placed.rpt"/>
  <File Type="POSTPLACE-PWROPT-DCP" Name="QSPI_slave_tp_postplace_pwropt.dcp"/>
  <File Type="BG-BIN" Name="QSPI_slave_tp.bin"/>
  <File Type="POSTPLACE-PWROPT-TIMING" Name="QSPI_slave_tp_timing_summary_postplace_pwropted.rpt"/>
  <File Type="PHYSOPT-DCP" Name="QSPI_slave_tp_physopt.dcp"/>
  <File Type="PHYSOPT-DRC" Name="QSPI_slave_tp_drc_physopted.rpt"/>
  <File Type="BITSTR-MSK" Name="QSPI_slave_tp.msk"/>
  <File Type="PHYSOPT-TIMING" Name="QSPI_slave_tp_timing_summary_physopted.rpt"/>
  <File Type="ROUTE-ERROR-DCP" Name="QSPI_slave_tp_routed_error.dcp"/>
  <File Type="ROUTE-DCP" Name="QSPI_slave_tp_routed.dcp"/>
  <File Type="ROUTE-BLACKBOX-DCP" Name="QSPI_slave_tp_routed_bb.dcp"/>
  <File Type="ROUTE-DRC" Name="QSPI_slave_tp_drc_routed.rpt"/>
  <File Type="ROUTE-DRC-PB" Name="QSPI_slave_tp_drc_routed.pb"/>
  <File Type="BITSTR-LTX" Name="debug_nets.ltx"/>
  <File Type="BITSTR-LTX" Name="QSPI_slave_tp.ltx"/>
  <File Type="ROUTE-DRC-RPX" Name="QSPI_slave_tp_drc_routed.rpx"/>
  <File Type="BITSTR-MMI" Name="QSPI_slave_tp.mmi"/>
  <File Type="ROUTE-METHODOLOGY-DRC" Name="QSPI_slave_tp_methodology_drc_routed.rpt"/>
  <File Type="ROUTE-METHODOLOGY-DRC-RPX" Name="QSPI_slave_tp_methodology_drc_routed.rpx"/>
  <File Type="BITSTR-SYSDEF" Name="QSPI_slave_tp.sysdef"/>
  <File Type="ROUTE-METHODOLOGY-DRC-PB" Name="QSPI_slave_tp_methodology_drc_routed.pb"/>
  <File Type="ROUTE-PWR-RPX" Name="QSPI_slave_tp_power_routed.rpx"/>
  <File Type="ROUTE-STATUS" Name="QSPI_slave_tp_route_status.rpt"/>
  <File Type="ROUTE-STATUS-PB" Name="QSPI_slave_tp_route_status.pb"/>
  <File Type="ROUTE-TIMINGSUMMARY" Name="QSPI_slave_tp_timing_summary_routed.rpt"/>
  <File Type="ROUTE-TIMING-PB" Name="QSPI_slave_tp_timing_summary_routed.pb"/>
  <File Type="ROUTE-TIMING-RPX" Name="QSPI_slave_tp_timing_summary_routed.rpx"/>
  <File Type="ROUTE-SIMILARITY" Name="QSPI_slave_tp_incremental_reuse_routed.rpt"/>
  <File Type="ROUTE-CLK" Name="QSPI_slave_tp_clock_utilization_routed.rpt"/>
  <File Type="ROUTE-BUS-SKEW" Name="QSPI_slave_tp_bus_skew_routed.rpt"/>
  <File Type="ROUTE-BUS-SKEW-PB" Name="QSPI_slave_tp_bus_skew_routed.pb"/>
  <File Type="ROUTE-BUS-SKEW-RPX" Name="QSPI_slave_tp_bus_skew_routed.rpx"/>
  <File Type="POSTROUTE-PHYSOPT-DCP" Name="QSPI_slave_tp_postroute_physopt.dcp"/>
  <File Type="POSTROUTE-PHYSOPT-BLACKBOX-DCP" Name="QSPI_slave_tp_postroute_physopt_bb.dcp"/>
  <File Type="POSTROUTE-PHYSOPT-TIMING" Name="QSPI_slave_tp_timing_summary_postroute_physopted.rpt"/>
  <File Type="POSTROUTE-PHYSOPT-TIMING-PB" Name="QSPI_slave_tp_timing_summary_postroute_physopted.pb"/>
  <File Type="POSTROUTE-PHYSOPT-TIMING-RPX" Name="QSPI_slave_tp_timing_summary_postroute_physopted.rpx"/>
  <File Type="POSTROUTE-PHYSOPT-BUS-SKEW" Name="QSPI_slave_tp_bus_skew_postroute_physopted.rpt"/>
  <File Type="POSTROUTE-PHYSOPT-BUS-SKEW-PB" Name="QSPI_slave_tp_bus_skew_postroute_physopted.pb"/>
  <File Type="BG-BIT" Name="QSPI_slave_tp.bit"/>
  <File Type="POSTROUTE-PHYSOPT-BUS-SKEW-RPX" Name="QSPI_slave_tp_bus_skew_postroute_physopted.rpx"/>
  <File Type="BITSTR-RBT" Name="QSPI_slave_tp.rbt"/>
  <File Type="BITSTR-NKY" Name="QSPI_slave_tp.nky"/>
  <File Type="BG-DRC" Name="QSPI_slave_tp.drc"/>
  <File Type="RDI-RDI" Name="QSPI_slave_tp.vdi"/>
  <File Type="WBT-USG" Name="usage_statistics_webtalk.html"/>
  <FileSet Name="sources" Type="DesignSrcs" RelSrcDir="$PSRCDIR/sources_1">
    <Filter Type="Srcs"/>
    <File Path="$PSRCDIR/sources_1/new/qspi_adder.v">
      <FileInfo>
        <Attr Name="UsedIn" Val="synthesis"/>
        <Attr Name="UsedIn" Val="implementation"/>
        <Attr Name="UsedIn" Val="simulation"/>
      </FileInfo>
    </File>
    <File Path="$PSRCDIR/sources_1/new/qspi_slave.v">
      <FileInfo>
        <Attr Name="UsedIn" Val="synthesis"/>
        <Attr Name="UsedIn" Val="implementation"/>
        <Attr Name="UsedIn" Val="simulation"/>
      </FileInfo>
    </File>
    <File Path="$PSRCDIR/sources_1/new/QSPI_slave_tp.v">
      <FileInfo>
        <Attr Name="UsedIn" Val="synthesis"/>
        <Attr Name="UsedIn" Val="implementation"/>
        <Attr Name="UsedIn" Val="simulation"/>
      </FileInfo>
    </File>
    <Config>
      <Option Name="DesignMode" Val="RTL"/>
      <Option Name="TopModule" Val="QSPI_slave_tp"/>
      <Option Name="TopAutoSet" Val="TRUE"/>
    </Config>
  </FileSet>
  <FileSet Name="constrs_in" Type="Constrs" RelSrcDir="$PSRCDIR/constrs_1">
    <Filter Type="Constrs"/>
    <File Path="$PSRCDIR/constrs_1/new/system.xdc">
      <FileInfo>
        <Attr Name="UsedIn" Val="synthesis"/>
        <Attr Name="UsedIn" Val="implementation"/>
      </FileInfo>
    </File>
    <Config>
      <Option Name="ConstrsType" Val="XDC"/>
    </Config>
  </FileSet>
  <FileSet Name="utils" Type="Utils" RelSrcDir="$PSRCDIR/utils_1">
    <Filter Type="Utils"/>
    <Config>
      <Option Name="TopAutoSet" Val="TRUE"/>
    </Config>
  </FileSet>
  <Strategy Version="1" Minor="2">
    <StratHandle Name="Vivado Implementation Defaults" Flow="Vivado Implementation 2018">
      <Desc>Default settings for Implementation.</Desc>
    </StratHandle>
    <Step Id="init_design"/>
    <Step Id="opt_design"/>
    <Step Id="power_opt_design"/>
    <Step Id="place_design"/>
    <Step Id="post_place_power_opt_design"/>
    <Step Id="phys_opt_design"/>
    <Step Id="route_design"/>
    <Step Id="post_route_phys_opt_design"/>
    <Step Id="write_bitstream"/>
  </Strategy>
  <BlockFileSet Type="BlockSrcs" Name="blk_mem_gen_RAM_FPGA"/>
</GenRun>
